date,press,title
20150415,더팩트,[TF댓글뉴스]'기혼자연애'애슐리매디슨불륜조장우려
20150512,슬로우뉴스,청년은[당신의평등]이아니라생존을원한다
20150609,아이즈ize,한국이싫어서│①나를사랑하지않는조국에게
20150617,허핑턴포스트,국립국어원페미니스트=여자에게친절한남자
20150618,레디앙,또가만있으라
20150622,대구신문,헬조선·불지옥반도·개한민국…사회부조리에뿔난젊은이들
20150630,국민일보,“지금여긴헬조선지옥불반도다”20대청년들한숨…페북지기초이스
20150701,국민일보,헬조선에선통하지않는‘웨이터법칙’…네티즌씁쓸
20150710,동아일보,[지금SNS에서는]2030이부르는또다른대한민국‘헬조선’
20150725,매일신문,[광장]잡셰어
20150727,주간조선,불안은넷(net)에서시작된다
20150727,오마이뉴스,생방송중공개사과김영만은왜울컥했나
20150729,오마이뉴스,'헬조선'에서살아남는방법
20150729,천지일보,[특별기고]나라를잃으면모두잃는다
20150729,정의당,[보도자료]심상정대표“참여연대정의당예비내각함께하자”
20150730,서울신문,탈선청춘들…날선조국비하
20150730,연합뉴스TV,'헬조선''망한민국'…희망잃은젊은이들자학적신조어
20150730,allure,소설'한국이싫어서'의작가장강명과의인터뷰
20150731,한겨레,당신80년대에뭐했어?
20150731,조선일보,50대이상자영업자절반은월평균수입100만원미만…헬조선이따로없네
20150802,경향신문,[별별시선]국민은껐다켜는‘TV스위치’가아니다
20150802,SBS,[취재파일]‘AfterYou’와‘십시일밥’…우리에게기회를부탁해
20150803,동아일보,[특파원칼럼/부형권]한국을싫어할수없어서
20150804,주간경향,[주간여적]외제차
20150804,위키트리,기사는노예가아니다택배회사의반송안내문
20150804,SBSTV,[취재파일플러스]전국해수욕장60곳중안전한곳은?
20150804,시사INLive,'동방예의여행'에서주의할점
20150805,브레인미디어,[칼럼]청년이희망을갖지못하는나라에미래는없다
20150806,오마이뉴스,지옥보다못한'헬조선'노오력은해봤냐는꼰대들
20150806,프레시안,[인터뷰]성난2030헬조선죽창앞에선모두평등
20150806,SBS,[취재파일]'헬-학교'의비극…일상적성추행괴기영화세트장같았다
20150807,경향신문,[세상읽기]‘헬조선’의애국심
20150808,오마이뉴스,박근혜가조장하는'세대전쟁'최악의시나리오
20150808,오마이뉴스,부잣집딸만나삼성입사가꿈이랬던변호사가어쩌다수억빚이...
20150808,오마이뉴스,절도와싸움질에무기정학까지'노가다'하던고졸변호사되다
20150809,전북도민일보,괴로우나괴로우나나라사랑하세
20150809,경향신문,[경향이찍은오늘]8월9일서대문고가횡단보도건너는‘비틀스’?
20150810,주간조선,20~30대생산적인공포외상후성장필요
20150810,불교닷컴,백의종군결자해지환골탈태
20150811,엔터미디어,이러니드라마에도초법적영웅들이양산될수밖에
20150811,시사INLive,시사IN제413호-당신아이적성검사믿습니까?
20150811,한겨레21,“천황제처럼공허한중심”
20150812,헤럴드경제,광복70년애국코드한켠에자리한씁쓸한‘헬조선’코드
20150812,헤럴드경제,‘애국코드vs.헬조선코드’…광복70주년의씁쓸한자화상
20150812,주간경향,[광복70년특별기획Ⅰ이민가고싶은20대]“한국이싫어서”행복찾아삼만리
20150812,브릿지경제,[광복70년함께만드는대한민국]청년실업·노인빈곤…'맞춤복지'로세대갈등해소해야
20150813,일요신문,‘헬조선뉴스’개설지옥불반도의기상천외한소식공유…“우리사회의비합리적부분성찰하는계기되길”
20150813,참세상,경찰통신수사로박근혜풍자그림게시자찾아출석요구
20150814,시사INLive,내가흙수저라니
20150814,오마이뉴스,'외국인들이본한국'대박한국인비하하는거아닙니다
20150814,국민일보,“울고싶다이사진”무한도전공연남은쓰레기한숨…페북지기초이스짤방
20150814,서울신문,청년층67%“한국국민으로자긍심있다”
20150815,TV조선,'헬조선'?젊은층의'냉소'
20150815,시사INLive,'헬조선'에서청년으로살아남기
20150815,폴리뉴스,[특집광복70년분단70년대한민국길을묻는다]⑥‘한강의기적’이후드러난양극화의‘명암(明暗)’…가난한노인청년의절망
20150815,미디어스,게임이무서운가?근거없는게임포비아넘어서기
20150816,국민일보,아파트에욱일기‘펄럭’…광복절태극기대신인증부글
20150817,헤럴드경제,“‘헬조선’에욱일기달았다”…광복절인증샷‘분노’
20150817,국민일보,[극혐뉴스]청담동아파트여사님반성문갑질논란
20150817,경남도민일보,[정정당담]난민사회대한민국
20150817,헤럴드경제,광복절태극기대신욱일기펄럭…네티즌“국가모독”공분
20150818,한겨레,‘헬조선’과불신지옥
20150818,미디어스,광복70년어쩌다우리는'헬조선'에살게됐나
20150818,미디어오늘,당신들은국민이그렇게도우스운가
20150818,슬로우뉴스,누가R&D를문어발로만드나
20150819,MTN,[암튼뉴스]갓수출근충헬조선..청년들이뿔났다
20150819,경향신문,[광복70주년기획-7대폐습이젠결별하자]독재정권의‘국가=나’집단세뇌…개인·노동·인권은뒷전이었다
20150819,주간경향,[비상식의사회]헬조선회피할것인가?극복할것인가?
20150819,경향신문,[취업청탁‘현대판음서제’]“취업청탁은‘윈윈’할수있다는믿음에서나와”
20150819,한겨레,[버티컬동영상]부모덕에취업‘현대판음서제’이래서‘헬조선?’
20150819,경기일보,절망의한국탈출구는없는가
20150819,한국일보,일상으로파고든차별…너도나도벌레가되었다
20150819,브레이크뉴스,'5포세대'의탄식
20150820,오마이뉴스,'헬조선'에종교는없다
20150820,조선일보,[TV조선칼럼]'헬조선'을사는'꼰대'
20150820,시사INLive,통치는하되책임은지지않는다
20150820,한겨레,“임금피크제와일자리는별개…정부가‘청년’이용하는것”
20150820,한국일보,[36.5˚]“아버지는뭐하시냐”고묻는사회
20150820,미디어펜,재산헌납요구하는사회분위기정상일까
20150821,서울경제,[서울경제썸]헬조선-2030세대의분노
20150821,광주일보,배제무시물화…세키워드로바라본한국의민낯
20150821,동아일보,[지금SNS에서는]당신잠깐없어도회사잘돌아갑니다
20150821,한겨레,“나라를위해섹스해주세요”덴마크에선이렇게‘애국’
20150821,국제신문,[박인호의시네플랫폼]과거로들어간한국영화<2>
20150821,동아일보,[유승찬의SNS민심]청년실업해법‘정치권동상이몽’
20150822,머니투데이,'헬조선'된한국사회원인을찾다
20150822,경향신문,민폐과다와배려결핍혐오를낳다
20150822,머니투데이,'우리의소원'과'어메이징~'…박근혜대통령과오바마
20150823,한겨레,[편집국에서]대통령의‘답정너’/이제훈
20150824,조선일보,[Why]망한민국·헬조선…우리청년들은왜대한민국을지옥으로부르게됐나
20150824,노컷뉴스,대한민국을왜헬조선이라고할까?
20150824,이투데이,빚더미에일자리감소까지‘헬조선’외치는2030세대
20150824,경향신문,[김규항의혁명은안단테로]배트맨의집사
20150824,헤드라인제주,천정배신당창당시대적요구복당가능성전무
20150824,오마이뉴스,'중도주의'와'낡은진보'함께극복해야할야권
20150824,한겨레,[세상읽기]잃어버린10년/정태인
20150824,경향신문,[경향의눈]박근혜의‘다른해’
20150824,중앙일보,거대담론에빠진정치사회돌보는역할나서야
20150824,정의당,[보도자료]조성주미래정치센터신임소장취임기자회견
20150824,국제신문,안병화의시사한자성어<195>妄自菲薄
20150825,신동아,[충격르포]“이지옥같은나라내게죽창을달라!”
20150825,머니투데이,조용병청년글로벌무대서도전해야
20150825,아시아엔,[아시아엔시사주간지리뷰]8월넷째주'청년실업심화''~충혐오신드롬'
20150825,경향신문,[오늘은이런경향]8월25일무박4일43시간10분
20150825,경향신문,[정동칼럼]전투적민족주의
20150826,주간경향,[표지이야기]민폐과다와배려결핍혐오를낳다
20150826,신동아,[세태르포]빚의일상화무감각화미래를저당잡히다
20150826,시사INLive,대통령의방송을믿었던국민들만당했단다
20150826,배국남닷컴,부모가최고스펙?대한민국은음서제공화국![배국남의직격탄]
20150827,경인일보,아프니까청춘?“지옥같은헬조선”
20150827,미디어스,‘헬조선’이묻는우리사회의그이후구조에대한인식
20150827,한국일보,[입는다고로존재한다]노스탤지어와찢어진청바지
20150827,한겨레21,포기·실패·불신빈곤청년에드리운스산한마음의풍경
20150827,한국일보,[김호기의원근법]벌레이야기
